feature 3,feature 4,output
-5.569827117,-3.56654348,0
7.215072883,-0.23804348,0
-4.764427117,0.53906652,1
1.633572883,1.90844652,0
-1.924877117,-0.88724348,0
1.098072883,1.55801652,0
6.939172883,-1.67984348,0
-0.822117117,1.61103652,0
0.533372883,-3.13204348,0
-1.353362117,-3.30664348,1
-1.128867117,-2.59664348,0
0.537672883,-2.27214348,0
2.022572883,2.28215652,0
2.893172883,1.73904652,0
-1.421052117,2.42305652,0
5.792672883,0.51578652,0
-1.680677117,2.75415652,0
-1.242827117,-0.01694348,1
1.997772883,0.65414652,0
-1.044897117,1.47525652,0
-0.155527117,0.62955652,0
-3.219527117,1.42741652,0
5.093472883,0.43819652,0
-2.470727117,1.51275652,1
8.396572883,0.91147652,1
1.232572883,2.29635652,0
0.858172883,1.03431652,0
0.690172883,1.81792652,0
0.882972883,2.22395652,0
14.22227288,0.23518652,1
-1.917167117,-2.38204348,1
-5.443927117,-3.37124348,0
15.68577288,-1.84284348,1
-1.501597117,0.99940652,1
2.159672883,1.45974652,0
-0.850397117,-3.74624348,1
-0.561647117,1.10026352,1
-3.069627117,-0.88984348,0
-2.728627117,-4.27904348,0
-5.472227117,-0.79924348,1
-2.379857117,1.62008652,1
-6.183327117,-3.14494348,0
4.509172883,1.76361652,0
-4.288927117,-0.31694348,0
-3.594027117,0.41104652,1
-5.300827117,-2.15704348,0
8.933872883,2.17352652,1
-1.122017117,0.03605652,0
-1.613837117,-2.44284348,1
-4.449127117,-0.52384348,0
-1.640407117,-5.38584348,1
0.696172883,-4.45874348,0
-4.389127117,0.61923652,0
-4.239227117,0.59207652,1
1.117772883,1.79077652,1
-1.997707117,-2.82164348,1
-1.582997117,0.89078652,0
-0.871817117,-5.81904348,1
3.377272883,2.73865652,1
-1.276247117,2.33515652,0
-3.424327117,2.21875652,1
-1.596707117,-5.66904348,1
-5.937427117,-1.20144348,1
10.51727288,-1.56354348,1
-0.032927117,1.35629652,1
1.477672883,1.27871052,0
2.432172883,2.21495652,1
-4.804727117,-2.91734348,0
6.329072883,2.10111652,0
6.143972883,1.89939652,1
-4.572527117,-1.80274348,0
-1.806627117,-1.05144348,0
-1.889747117,-4.12904348,1
-5.651227117,-2.81134348,0
-6.326427117,-4.04494348,0
4.520272883,1.56836652,1
-4.992327117,-1.95404348,1
-1.433905117,1.24121052,0
3.239272883,2.61185652,0
3.704572883,0.51190652,0
-1.337082117,1.10284952,1
10.73147288,-0.41004348,1
-2.726027117,-2.11044348,0
-1.978857117,-3.07124348,1
-1.217127117,-1.20144348,1
-4.391727117,-0.11654348,0
0.816172883,1.06664652,0
5.516772883,1.89292652,0
-4.433727117,-1.63074348,0
2.650672883,2.09465652,1
0.647372883,0.99810652,0
1.411672883,0.39423652,0
-5.804627117,-3.21864348,1
-4.531427117,-1.33594348,0
-4.741327117,-2.93034348,0
7.254472883,3.01145652,1
2.924872883,1.90715652,0
6.136272883,1.78172652,1
-1.593277117,1.25802152,1
0.716772883,1.61232652,1
-0.640467117,0.74724652,0
-3.521127117,1.38474652,0
5.250272883,1.13129852,1
-0.912087117,1.55284652,0
-3.940127117,1.73775652,0
1.564172883,0.74207652,1
6.303372883,1.81792652,0
3.882772883,1.60456652,0
-2.191347117,1.67568652,0
-3.630027117,0.53906652,0
-1.594137117,-0.99714348,0
1.038072883,1.68991652,1
-0.837547117,1.24767652,1
3.386672883,2.29765652,1
1.779272883,1.19595262,0
-1.421052117,-1.06694348,0
-3.094427117,0.72397652,1
1.004672883,2.32355652,1
-1.987427117,-2.77254348,1
-2.109947117,0.35285652,1
-0.322627117,-0.10494348,1
7.065972883,0.58949652,0
-0.557357117,1.74422652,0
-5.158627117,-2.14544348,0
-1.481888117,-0.55364348,1
-1.800637117,1.64077652,0
-0.155527117,0.62957652,0
4.208372883,1.67698652,1
2.408172883,2.37525652,1
-2.728627117,-4.27904348,0
-0.747577117,0.26621652,0
4.611972883,0.75888652,0
0.706472883,3.08385652,0
9.142872883,0.29983652,1
2.290772883,0.89336652,0
-1.876037117,1.81792652,1
-0.191527117,-2.43244348,0
-3.821927117,-0.04674348,0
-3.958127117,-0.29884348,0
1.371372883,-1.89844348,0
-2.780027117,-2.88114348,0
-3.670227117,1.18560792,1
-0.589057117,1.62525652,0
-4.602527117,-1.91784348,0
-1.683247117,0.49121652,1
-4.350627117,-4.67214348,0
-3.219527117,-1.75354348,1
0.551372883,2.54465652,1
0.048472883,-2.73894348,0
1.438172883,2.39075652,0
-3.988127117,0.82612652,0
-0.487957117,1.44293652,0
-6.197927117,-3.16174348,0
2.576972883,1.55284652,0
-0.711587117,1.13647052,1
-2.120237117,-1.16134348,1
-1.731227117,-0.08804348,1
0.344872883,2.53045652,0
3.259872883,1.36146652,1
0.295172883,1.83603652,0
-1.864037117,0.49897652,0
2.404772883,1.04078652,0
-5.075427117,-2.10274348,1
1.739872883,1.62008652,0
2.828872883,2.00542652,0
-3.318927117,-2.14154348,0
-3.874227117,-0.01824348,0
-4.264927117,0.29337652,1
-2.023407117,-1.66564348,1
0.030472883,3.21185652,0
1.716672883,0.81966652,0
8.866972883,2.35455652,1
-1.557287117,0.92957652,0
-1.715807117,1.69379652,1
0.778472883,1.10802252,0
-6.613527117,-4.92944348,1
-4.697627117,-3.09714348,0
-1.125447117,0.11885652,1
2.042272883,1.24379752,1
0.826472883,1.68991652,1
-3.983827117,-0.08424348,1
1.616472883,1.95370652,1
-0.393727117,1.67956652,1
-1.672107117,-4.85054348,1
0.444272883,-3.13724348,0
-0.867537117,2.04163652,0
0.278872883,1.02396652,0
4.351472883,1.08474652,1
-3.208427117,-1.06954348,1
-0.469107117,1.79723652,0
5.498772883,0.54681652,1
-6.077127117,-2.55664348,0
0.801572883,1.67568652,0
-1.387635817,1.58646652,0
0.529972883,2.99075652,0
6.562072883,2.11275652,1
-1.531587117,-6.31174348,1
7.129372883,-0.67514348,0
-5.750627117,-2.90964348,0
-0.640427117,0.74725652,0
1.140072883,1.28905552,1
1.277972883,-2.13244348,0
0.493172883,1.92396652,0
-3.806527117,-0.19674348,0
-0.766427117,0.79379652,0
-6.386427117,-1.70704348,1
-5.835527117,-3.18244348,1
-0.370527117,1.73775652,0
2.890572883,2.73345652,0
-3.340327117,0.81707652,0
-1.774067117,-5.85784348,0
-3.748227117,1.61879652,1
7.601472883,0.90759652,1
4.951272883,1.30327652,1
-4.593927117,1.04595652,1
8.006772883,1.27353852,1
-0.675607117,2.15283652,0
-0.640427117,0.74725652,0
5.688172883,-0.01954348,1
3.418372883,0.85198652,0
-2.888827117,-2.81654348,0
0.858972883,3.35415652,0
2.332772883,1.08215652,0
10.55757288,-0.96864348,1
-0.850397117,1.70413652,0
-3.497127117,-0.77604348,0
1.041472883,1.40931652,1
-0.893237117,2.29765652,0
2.430472883,2.82135652,0
-0.947217117,1.26060752,1
7.618572883,1.29164152,1
1.199972883,1.74422652,0
-0.931797117,-0.26264348,0
-3.176727117,1.17138352,0
7.020572883,-0.69194348,0
-5.490227117,-3.27424348,0
6.364172883,2.12697652,0
-4.645327117,-0.26264348,0
-2.595827117,-2.93674348,0
-0.001227117,0.82741652,0
1.962572883,1.19336652,1
3.174172883,0.20285652,0
0.528272883,0.81707652,0
0.643972883,2.32355652,0
-0.693597117,-6.39194348,0
3.450072883,2.62865652,0
-2.559827117,0.70586652,1
-1.646397117,-2.07814348,0
-5.102027117,-5.61864348,0
11.58407288,-1.49234348,1
-3.080727117,-0.46824348,0
3.660872883,0.64121652,1
-2.743127117,-0.76564348,1
1.415072883,1.67827652,1
15.91107288,-2.02774348,1
-1.211987117,0.10065652,1
4.472272883,2.40365652,1
-2.017417117,1.57741652,0
-0.783567117,0.78474652,0
-0.338827117,0.51578652,0
-0.480247117,-6.45014348,0
1.930872883,-4.75094348,0
0.317472883,1.64336652,1
-0.668747117,1.75586652,0
7.714572883,2.42955652,1
-1.854617117,-2.84104348,1
9.007572883,0.66061652,1
6.495272883,2.15930652,1
-0.076627117,0.98259652,1
1.385072883,-2.90574348,0
-2.094527117,-0.05574348,1
-0.696167117,1.60974652,1
-4.444027117,-0.07124348,1
-2.941927117,0.63345652,0
6.945172883,-0.91694348,0
1.307972883,2.04939652,1
-2.667727117,2.31055652,0
-3.503127117,1.48818652,0
-0.719297117,-6.39704348,1
1.095472883,1.56836652,0
-0.228327117,2.88085652,0
-4.586227117,0.26880652,0
-3.775627117,-1.15744348,1
8.986972883,0.13045652,1
-5.483327117,-3.06224348,0
-4.531427117,-1.33594348,0
-3.413227117,1.12612552,0
7.618572883,1.06922652,1
-0.439967117,2.02223652,0
-0.640427117,0.74725652,0
6.824272883,-0.61564348,0
1.474172883,1.63818652,1
0.615672883,0.31923652,0
-3.367827117,1.84637652,1
8.820772883,0.18735652,1
-0.721017117,-5.48804348,1
-5.966627117,-2.94974348,1
-1.137437117,-0.86134348,0
13.76297288,0.43949652,1
1.159772883,1.13000452,0
-1.107447117,-1.00364348,0
-2.651427117,2.20455652,0
0.613072883,1.00198652,0
-6.299927117,-1.47044348,1
14.27967288,0.53000652,1
-5.755827117,-3.54844348,0
5.383072883,1.53344652,1
-2.678027117,1.95241652,0
-6.041127117,-2.72084348,1
8.094972883,-0.21994348,1
-1.953147117,0.38000652,1
6.754072883,1.11060852,0
-4.838127117,-2.23594348,1
-1.355933117,3.12005652,0
0.603672883,1.41189652,0
-5.327427117,-2.89024348,0
3.957372883,1.99637652,1
-4.797027117,-2.97684348,0
0.948072883,0.73431652,1
-2.018267117,-0.52124348,0
5.079772883,1.53344652,1
7.077972883,-0.68164348,1
-2.273607117,-2.36524348,0
-3.151827117,1.68086652,1
16.18187288,-1.42644348,1
-6.125127117,-3.20314348,1
2.792872883,0.20027652,0
0.721872883,2.63645652,1
-1.783497117,1.13259152,1
-4.300027117,0.15375652,0
-4.144927117,-0.74364348,0
7.386372883,-0.92214348,1
0.269472883,2.10758652,0
-3.614527117,0.62440652,1
-2.701127117,1.40413652,0
-3.183527117,-1.01524348,1
9.990372883,0.11755652,1
-3.183527117,1.55284652,1
2.646372883,2.14508652,0
-1.235977117,0.16925652,1
-0.298627117,0.06065652,0
5.688172883,0.78862652,0
0.920672883,1.49465652,0
-1.455326117,-5.91084348,0
1.600972883,1.55543652,1
4.549372883,1.40672652,0
-1.231687117,-3.34794348,1
-0.736437117,1.53344652,0
-2.564027117,-0.42684348,1
0.487172883,-2.69364348,0
2.626672883,0.14335652,0
-1.802347117,-6.68024348,0
7.835372883,0.39294652,1
1.188872883,0.64380652,0
0.104972883,1.51922652,1
-6.610927117,-4.91264348,1
-2.444127117,0.32957652,1
16.19557288,-1.58544348,1
-0.708167117,0.72785652,1
-3.921327117,-0.25364348,1
4.258972883,0.77828652,0
-2.631727117,-0.37514348,1
4.140672883,1.06276652,1
0.284872883,0.73043652,0
-4.883527117,-2.36524348,1
4.070472883,1.24896952,1
1.548772883,-4.59714348,0
-2.071397117,0.72267652,0
-5.028327117,-0.20444348,1
-4.214327117,0.89078652,0
8.369172883,0.58949652,1
-4.944327117,-1.48204348,1
-5.041227117,-1.90874348,1
-1.161427117,1.07181652,0
1.741572883,0.27526652,0
-3.030227117,-0.54584348,0
-2.558127117,-0.04544348,0
-1.842617117,-0.29884348,1
2.041472883,1.06664652,0
7.716272883,-0.54064348,1
9.087272883,0.77052652,1
-0.506807117,2.37395652,0
-3.736227117,0.43561652,0
3.875072883,0.75629652,0
-2.218767117,-0.09454348,1
-2.155367117,0.82095652,1
-2.625727117,-0.30794348,0
4.813272883,1.58905652,1
-0.834977117,0.02445652,1
-2.205057117,0.50026652,0
0.120372883,1.81146652,1
-5.221127117,-2.82554348,0
4.204972883,2.22395652,1
3.371272883,0.24811652,1
10.24567288,0.24552652,1
-1.026047117,1.77784652,0
0.304572883,-1.71094348,0
-5.481627117,-2.50744348,0
-1.709807117,-5.58374348,1
-4.464527117,-1.58674348,1
-3.336127117,-2.70014348,1
-2.124517117,0.01925652,1
-3.806527117,1.13517752,0
-5.453327117,-0.40494348,1
-1.275387117,-0.25494348,0
-1.374783117,-2.08074348,0
7.975072883,0.33216652,1
-2.724327117,2.64675652,0
-1.568427117,1.68215652,0
-6.243327117,-1.70964348,1
-0.594207117,1.48301652,0
-4.764427117,0.16925652,0
-4.544227117,-2.78674348,0
-3.164727117,-2.06914348,1
7.431772883,2.14120652,0
-0.601917117,0.08775652,1
-2.929927117,-0.60404348,0
-3.653927117,-1.27254348,1
-3.611127117,0.38518652,0
-0.672177117,1.58646652,0
-4.173227117,0.53518652,1
-5.334227117,-2.88114348,0
-0.015827117,1.92525652,1
6.359872883,1.83344652,0
3.450972883,1.17009052,1
2.819472883,2.09594652,0
1.243672883,2.80845652,0
-4.974327117,-1.99794348,1
2.091972883,2.66875652,0
3.174172883,0.20285652,0
-3.940127117,-0.09064348,0
-3.061927117,-0.64674348,0
-1.889747117,-2.44544348,1
-4.918627117,-0.68034348,0
-0.047527117,3.12005652,0
-0.555647117,1.02009652,0
-0.339727117,1.59939652,0
-5.043727117,-0.01304348,0
-5.011227117,-2.89024348,0
0.801572883,1.69249652,0
-3.741327117,1.59163652,1
4.404572883,1.50758652,1
-3.079027117,0.24423652,0
-1.459610117,-2.53334348,1
3.166472883,1.87870652,1
0.090372883,2.39855652,1
-1.756077117,-2.70404348,1
-1.726087117,1.05371652,1
2.969372883,2.26145652,0
5.055772883,1.13517752,1
-2.612927117,1.51275652,0
-0.640427117,0.74725652,0
0.673072883,1.86577652,0
4.819272883,0.56880652,1
-4.572527117,-1.80404348,0
-5.905727117,-2.82034348,1
-1.615557117,2.23425652,1
0.613972883,1.86577652,0
-1.071467117,2.30675652,0
2.145072883,1.34594652,0
0.453672883,1.59422652,0
5.742172883,2.52395652,1
9.584172883,0.36966652,1
-0.731297117,2.13861652,0
1.685872883,-4.25184348,0
-2.723427117,1.41448652,0
3.337872883,0.91405652,0
-0.217227117,-4.03464348,0
0.825572883,1.41448652,0
-2.181927117,-1.00614348,0
-0.239427117,2.04939652,0
-4.926427117,-3.57554348,0
-1.319089117,-6.59364348,0
-3.785027117,0.23001652,0
-5.557027117,-0.74624348,1
-0.564217117,0.88172652,1
-3.846727117,-0.02994348,0
2.527272883,1.31750652,0
-2.303597117,1.19465952,1
11.15737288,-0.31824348,1
5.094372883,1.55284652,1
2.596672883,2.49675652,0
-0.949787117,-1.03074348,0
5.377972883,0.79250652,0
3.732872883,2.01835652,0
-0.055227117,2.40495652,0
4.392572883,1.35888652,1
-1.239407117,-4.35404348,1
-4.476527117,-1.58294348,0
9.042672883,2.16318652,1
-6.214227117,-3.15014348,1
-4.605027117,-1.40314348,0
1.411672883,1.79853652,1
-3.367827117,-2.24754348,1
-2.798027117,-0.45924348,0
2.295872883,0.04895652,0
-0.201727117,0.54552652,0
0.892372883,3.05795652,0
-1.570147117,-5.76734348,1
3.878472883,0.86621652,1
-4.348827117,-0.28074348,0
-4.515927117,1.07440652,1
7.023072883,0.74336652,0
-0.780997117,-2.07294348,1
-1.169137117,1.04465652,0
5.277672883,2.09077652,1
3.174172883,0.20285652,0
-0.661897117,-6.46954348,0
11.39807288,-1.94364348,1
-3.451727117,-1.95914348,0
7.935672883,1.08862652,1
2.258172883,0.57914652,0
10.04427288,0.62052652,1
-5.205727117,-2.17254348,0
-2.800527117,-2.72344348,0
-3.875027117,0.68517652,0
-1.331941117,-0.38424348,0
11.65687288,-1.52854348,1
-2.133087117,0.60500652,0
0.696172883,1.39250652,0
-3.378027117,1.76879652,1
-5.284527117,-2.54494348,0
-3.697627117,1.78560652,1
0.739872883,2.13602652,0
-4.639327117,-0.10744348,0
-1.454469117,-0.97774348,0
-2.238477117,-0.84064348,1
-5.780627117,-2.84104348,0
-4.708727117,1.25672752,1
-4.827827117,-1.65404348,1
-0.178627117,1.63689652,1
-1.752647117,0.59207652,1
0.152972883,1.88775652,0
-1.509307117,0.60500652,0
-4.954627117,-3.21224348,0
-0.022727117,2.54855652,1
-4.520227117,-0.12044348,1
0.540272883,1.15069452,0
-0.334627117,-0.25234348,1
-2.806527117,0.43044652,1
1.235172883,1.72870652,1
0.397972883,2.16447652,1
-4.204927117,0.74466652,0
6.690672883,1.88387652,0
-1.190567117,1.12483252,0
1.320872883,1.23603852,1
-0.239427117,1.55672652,1
-5.781527117,-3.14624348,0
-1.243687117,-0.42174348,0
9.846372883,0.80155652,1
-4.803027117,-1.99154348,1
1.788672883,-3.69714348,0
0.306372883,2.93515652,1
-6.338427117,-2.89924348,1
-0.612197117,1.86835652,0
1.134872883,1.90973652,1
3.164772883,2.67135652,1
0.592472883,1.94335652,1
-3.337827117,1.63172652,1
-2.332727117,-1.24154348,0
-6.317027117,-4.62814348,1
2.057672883,0.93991652,0
-5.029227117,-0.05444348,0
6.692372883,-0.54324348,0
-1.909447117,1.19724572,1
0.971272883,1.94594652,0
-1.377354117,1.95499652,1
2.228272883,0.86621652,0
0.385172883,0.47052652,0
1.696972883,-3.70614348,0
3.172472883,2.18128652,0
-2.464727117,1.26707252,0
-4.789327117,-0.35574348,0
-2.769727117,2.35845652,0
-3.546827117,-2.98974348,0
8.841272883,0.03735652,1
-4.754127117,-2.16094348,0
-4.408827117,-1.74714348,1
3.348972883,2.32865652,0
-1.712377117,0.00885652,0
-2.559827117,1.47396652,0
-1.817767117,2.08301652,1
0.058672883,1.84508652,0
6.268272883,1.91491652,0
-4.593027117,1.32008652,1
1.246272883,-3.64534348,0
6.095972883,1.80499652,1
0.742472883,3.27785652,0
16.52977288,-0.84064348,1
2.313872883,2.18904652,1
-4.337727117,0.57009652,1
6.989672883,0.65026652,0
10.96537288,0.23647652,1
6.959672883,-0.32994348,0
-2.891427117,0.03345652,1
6.632372883,1.16362552,0
3.245272883,0.89595652,0
-0.150327117,0.82095652,1
1.056072883,1.71189652,0
-1.586427117,0.02445652,1
-3.868227117,1.12871152,1
-5.109727117,-4.92684348,0
2.290772883,1.94077652,0
1.470772883,1.46879652,0
1.506772883,1.30198652,0
9.541372883,0.78345652,1
-0.051827117,1.15457352,0
-4.358327117,-1.49754348,1
-1.876037117,-2.69624348,1
-5.377127117,-0.59244348,1
-0.711587117,-6.39704348,1
-6.004327117,-3.13464348,0
-2.786027117,-3.13594348,0
-0.660177117,0.73819652,1
0.307172883,2.29245652,1
9.127472883,1.02784652,1
6.933972883,1.54379652,0
0.815272883,1.49982652,0
-4.677027117,-0.00924348,0
-0.709017117,1.82568652,0
-3.762827117,-0.08294348,1
-2.941127117,-2.97164348,0
15.71397288,-1.61004348,1
-4.708727117,0.22354652,0
-1.243687117,-1.91914348,0
6.685472883,0.84810652,0
-4.507427117,0.98647652,1
-1.825477117,1.42482652,1
-2.332727117,-1.95404348,1
0.409972883,2.08947652,0
1.485372883,1.21146952,0
-3.749127117,0.47181652,0
-4.180027117,-0.24194348,0
-2.731127117,-0.56004348,0
-1.288247117,-6.37254348,1
-5.939127117,-3.06094348,1
-0.570207117,-0.30404348,1
-2.337867117,1.84120652,1
2.482672883,0.48733652,0
3.844272883,1.48689652,1
-2.046547117,-4.28024348,1
-1.493027117,1.75586652,1
4.614572883,1.23862452,1
-4.839027117,-2.81524348,0
-1.170857117,1.02655652,0
2.948872883,1.97827652,0
-0.492237117,2.77225652,1
-0.035527117,2.80975652,0
-5.896327117,-2.50484348,1
-1.160577117,-0.81994348,0
-3.132127117,2.27055652,0
3.347272883,2.41665652,0
3.060172883,1.40801652,0
-3.025927117,0.62311652,1
-1.853757117,1.61103652,1
-2.390997117,0.66061652,1
-4.932427117,-0.02344348,0
0.026172883,1.21664252,1
-1.189707117,1.52827652,0
1.286572883,2.38685652,1
-2.117667117,-2.33164348,1
-1.353362117,1.03560652,1
-3.810827117,-1.23244348,1
-0.021827117,1.27353852,0
-4.023227117,0.15755652,0
-1.056897117,1.77654652,0
1.192272883,-2.08204348,0
-1.429621117,1.54249652,1
-0.499947117,-5.43244348,1
-1.660967117,2.74505652,0
-1.325943117,-1.33854348,0
-6.548427117,-5.19964348,1
-3.248727117,1.06276652,0
-2.151077117,0.57914652,0
-1.266817117,-3.82254348,1
4.245272883,1.74163652,1
0.960972883,1.58646652,1
-3.348927117,0.83000652,0
-0.542797117,-6.34274348,1
-2.828027117,2.05456652,0
-4.502227117,1.07310652,1
-0.841827117,-1.72384348,1
-3.089327117,-3.20054348,0
-6.683727117,-4.68244348,1
4.406272883,2.07396652,1
9.571372883,0.85716652,1
-0.162327117,-1.76784348,0
-5.127727117,-2.50744348,0
-5.253727117,-3.03114348,0
12.97127288,0.57526652,1
12.07507288,-1.43544348,1
-3.814227117,-0.39584348,0
6.765172883,1.79982652,0
-3.276127117,2.51745652,1
3.175872883,1.66792652,1
-1.930867117,0.36449652,1
-3.856227117,-0.27044348,0
2.060272883,2.02870652,0
3.835672883,0.78992652,0
-0.366327117,2.16059652,0
8.935572883,0.07355652,1
1.429672883,0.47957652,0
-1.553007117,1.07181652,1
-1.643827117,1.64853652,1
-4.531427117,-1.33594348,0
0.314872883,1.60586652,0
0.823872883,-3.40484348,0
8.178972883,0.46147652,1
8.779572883,1.84249652,1
-2.397827117,-1.52344348,1
-0.565067117,1.94465652,0
2.723472883,2.69595652,1
-4.575927117,-1.81694348,0
0.332872883,-3.67124348,0
10.44107288,-0.70614348,1
9.342572883,0.17445652,1
-5.410527117,-0.52904348,1
-1.684957117,1.33819652,1
-1.241977117,-5.62774348,0
-3.366927117,1.21793552,0
-4.335127117,-0.08934348,0
-0.421977117,1.23733152,1
-2.661727117,-0.19414348,0
-1.217977117,2.37135652,0
-3.061927117,-0.64674348,0
6.321372883,-0.52514348,1
-4.409727117,1.19465952,1
-1.667827117,2.42955652,0
-6.099427117,-1.40704348,1
1.186272883,1.40931652,0
5.280272883,1.36663652,1
1.306272883,0.95414652,1
-2.374717117,0.30759652,0
-4.082427117,0.26621652,0
0.553072883,3.12915652,0
3.427772883,0.77181652,1
-1.048327117,0.77828652,0
-1.388492717,-2.51134348,1
6.711172883,0.11105652,1
4.835572883,0.88819652,0
-2.468927117,-1.39924348,0
-3.038727117,0.99940652,1
-1.870037117,-0.47604348,1
4.252972883,1.38732652,1
-5.616127117,-3.23284348,0
-3.127827117,-2.37294348,1
-1.374783117,-5.66004348,1
-1.888887117,-4.02424348,1
-5.810627117,-2.82944348,0
-0.844397117,0.89595652,1
-2.877727117,-0.22644348,1
-3.547727117,0.42138652,1
5.263172883,0.61276652,0
0.711572883,-2.77124348,0
-2.766327117,-0.59364348,0
5.441372883,0.60112652,1
5.201472883,1.76620652,0
-6.161127117,-1.42124348,1
-1.679817117,-1.46914348,0
3.249572883,2.27955652,0
-1.397917927,2.83175652,0
-0.768997117,2.31055652,0
-0.330327117,0.77052652,0
2.628372883,1.74292652,1
-0.899237117,0.49121652,0
-2.219627117,1.06922652,0
-3.484327117,0.38518652,0
-3.311227117,0.65414652,0
0.415172883,0.57914652,0
-2.229907117,-1.84414348,1
0.230072883,1.96792652,0
-0.612197117,1.93689652,1
-2.612027117,-1.18724348,1
-2.758627117,-0.27424348,0
-3.770527117,0.10195652,1
-1.383352117,-5.59274348,1
-3.312927117,0.33087652,0
0.990072883,1.96792652,1
0.087872883,2.31055652,1
-4.749827117,0.52612652,1
4.247772883,1.50500652,1
-1.449328117,1.29164152,1
-3.061927117,-0.64674348,0
-5.102027117,-5.61864348,0
-1.428764117,0.83776652,1
-6.196227117,-4.47424348,1
0.781072883,-4.41214348,0
-5.329927117,-2.99104348,0
-0.624187117,2.61055652,1
0.978072883,1.97697652,0
1.147772883,-2.08464348,0
-1.165717117,-2.74534348,1
8.067572883,0.84293652,1
-3.394327117,0.84164652,0
-1.511017117,2.41145652,1
4.272672883,-0.15924348,0
5.732672883,1.21922852,0
1.422772883,-2.55014348,0
13.49047288,0.72138652,1
7.551772883,1.87223652,1
-2.822827117,0.06705652,1
-1.633547117,-0.56914348,0
-1.733797117,0.83129652,1
-5.122627117,-4.63074348,0
-3.046427117,-1.24024348,1
-5.536427117,-3.87294348,0
-3.801327117,1.13000452,0
2.864872883,2.34935652,0
-3.867327117,0.38647652,1
0.740772883,1.94594652,0
-0.978927117,-0.98674348,0
-0.375727117,2.59245652,0
-2.755127117,-1.39024348,1
-5.066027117,-2.26434348,1
-0.590777117,1.90844652,0
-6.373627117,-1.53374348,1
0.962672883,-2.22814348,0
-0.635327117,2.00284652,0
-3.581127117,-0.73594348,1
2.946272883,2.54335652,0
-5.673527117,-3.78634348,0
-5.408827117,-2.40274348,0
-1.683247117,-0.47604348,0
-4.701027117,0.14075652,0
0.599372883,1.71448652,1
0.440872883,1.57482652,0
-2.238477117,2.15283652,1
-1.699527117,-0.99194348,1
3.188772883,0.87655652,0
5.470472883,0.68517652,0
-6.658927117,-4.89064348,1
1.251472883,1.66534652,0
-1.634407117,-0.92344348,1
-5.184327117,-6.31174348,0
-4.288027117,0.66449652,0
6.140572883,1.97568652,0
0.718472883,1.80499652,0
0.659372883,1.00198652,0
11.39807288,-1.63334348,1
-3.669427117,0.45630652,0
3.588072883,1.52051652,1
-5.346227117,-2.66654348,0
6.949372883,-1.51824348,0
0.715872883,1.54249652,0
-2.755127117,-0.18894348,1
-3.380627117,1.59939652,0
-1.636117117,-1.77174348,0
-1.799777117,-0.10364348,1
-4.348827117,0.53000652,1
-0.868387117,1.67051652,0
-0.820407117,1.85542652,0
-5.557827117,-3.78114348,0
3.417472883,1.15845252,1
1.361072883,1.51146652,0
-2.190497117,0.28302652,0
8.693972883,0.36319652,1
-5.102027117,-5.61864348,0
-0.613057117,0.43431652,0
-4.988927117,-0.16434348,0
-3.233227117,-1.64234348,1
-3.610227117,1.28905552,1
7.626272883,-0.76304348,1
-0.314027117,-5.42594348,1
11.27127288,-0.71654348,1
11.78027288,-1.37604348,1
-1.756077117,-2.71304348,1
-3.829627117,0.20802652,0
-4.252027117,0.58302652,0
1.842672883,1.37569652,0
10.56787288,-0.26264348,1
-0.439117117,2.19935652,0
-2.954827117,2.20195652,0
-2.216197117,1.67051652,0
0.737372883,2.43345652,1
-1.710667117,-2.62774348,1
-6.311927117,-2.55664348,1
8.423172883,1.66663652,1
6.378772883,0.21449652,1
-1.343937117,0.96060652,1
2.946272883,1.79335652,0
0.736472883,1.51275652,0
-1.751797117,1.66663652,1
0.203472883,2.15930652,0
-1.194847117,2.40115652,0
-5.004327117,-2.25404348,1
9.125772883,0.70198652,1
-1.781777117,-2.66914348,1
-0.106627117,2.84725652,0
-5.428527117,-0.23424348,1
3.174172883,0.20285652,0
-0.203527117,0.83905652,0
-1.074887117,0.33087652,1
-1.017477117,2.56795652,0
-5.408827117,-3.83674348,0
-1.783497117,0.52742652,1
9.028972883,0.32440652,1
4.069572883,0.46794652,0
-2.376427117,-1.27514348,0
4.359172883,2.06490652,1
16.20757288,-1.30104348,1
-2.847727117,0.63216652,1
-3.636027117,1.63043652,0
-0.062927117,2.56795652,1
6.734372883,0.95155652,0
7.594572883,0.69164652,1
-3.680527117,-1.00614348,1
0.310572883,2.09335652,1
0.599372883,3.34635652,0
1.148572883,-1.74454348,0
-0.913807117,-1.02174348,0
-3.079927117,1.78689652,1
-5.721527117,-3.13594348,0
0.344872883,-3.93244348,0
-2.687427117,0.36707652,1
0.585672883,0.74336652,1
-2.576927117,1.59163652,1
8.685372883,2.15930652,1
7.757372883,2.13214652,1
7.079672883,1.51146652,1
6.323872883,1.64465652,0
1.951472883,0.69940652,0
6.575872883,0.73690652,1
0.734772883,1.79335652,1
4.426872883,1.73775652,1
0.764772883,-2.54884348,0
5.304272883,2.35975652,1
6.565572883,1.39767652,0
-0.716727117,0.10455652,1
-1.573567117,2.81615652,0
3.814272883,0.89853652,0
-4.038727117,1.30198652,1
1.043172883,-4.07724348,0
3.785072883,2.48385652,0
-3.048227117,2.02999652,1
-4.540827117,-0.01184348,1
-2.038837117,1.94982652,1
-4.509927117,-1.52474348,0
-4.680427117,0.57397652,1
1.067172883,2.33255652,0
3.139072883,2.57825652,1
-4.017227117,0.70457652,0
0.186372883,1.90327652,1
-4.683927117,-3.65314348,0
0.895872883,1.41706652,0
-2.360147117,-0.61954348,0
-5.510727117,-3.41394348,0
-5.830327117,-3.07384348,1
-1.492170117,-0.66734348,0
-1.821197117,-0.92084348,1
-1.179427117,-3.38034348,1
-2.672027117,-0.38424348,0
-3.478327117,0.06445652,0
-0.625047117,0.19380652,1
-1.886317117,0.66449652,1
-0.889817117,-2.62384348,0
-3.666827117,0.04765652,0
-0.463107117,1.62137652,1
0.535972883,2.32745652,1
-0.069827117,1.00845652,0
-3.920427117,0.29207652,0
-3.454327117,0.28820652,0
-2.443227117,1.42612652,0
-1.594137117,1.19983192,1
-1.018337117,1.76103652,0
1.769772883,2.27825652,0
-1.427050117,1.64077652,0
-5.184327117,-6.31174348,0
3.245272883,0.89595652,0
-2.540127117,0.13435652,0
-2.816827117,0.60630652,1
-5.491927117,-3.15404348,0
-1.639547117,1.50758652,1
-5.904027117,-2.85144348,1
-0.839257117,0.74983652,0
-3.564827117,0.44983652,0
-1.449328117,2.68425652,0
-5.808927117,-2.03414348,0
-0.451967117,-3.03504348,0
-1.860607117,0.09425652,1
5.682972883,2.22265652,0
-3.706227117,-1.18074348,1
2.793772883,1.36146652,0
1.691872883,0.20675652,0
6.752372883,0.29337652,0
-2.320737117,-3.88844348,1
-1.810057117,-0.77214348,0
4.616272883,1.56060652,1
0.215472883,2.76705652,1
-3.222127117,1.33172652,0
-2.060257117,-0.48114348,0
-5.515027117,-3.08804348,0
-2.031977117,2.06102652,0
7.077972883,1.94723652,0
-0.527367117,0.53776652,1
-3.667727117,-1.03074348,1
-1.433048117,-1.31784348,1
-0.304627117,3.01925652,0
14.15967288,1.04983652,1
-1.342223117,3.10065652,0
3.153572883,2.42565652,0
-0.323427117,-2.14924348,0
-3.403827117,-1.52084348,0
-0.155527117,0.62955652,0
1.256572883,-4.01904348,0
-3.713927117,-0.00404348,1
-5.252827117,-3.11394348,0
1.465672883,1.17397052,0
-1.301095117,2.38815652,1
4.443172883,1.81534652,1
10.47017288,0.61276652,1
0.634472883,1.45974652,0
-0.409127117,0.31794652,0
6.520972883,-0.35704348,0
0.003872883,2.38685652,0
4.975272883,0.77569652,0
-1.305379117,1.77267652,0
6.816572883,-0.87424348,0
-1.381638117,-0.54974348,0
-0.700447117,0.63474652,0
-0.986637117,-1.84154348,0
-4.298327117,0.22483652,0
-2.790327117,-0.80314348,1
-0.304627117,-1.65274348,0
4.201572883,0.72009652,1
-4.300927117,0.40975652,0
3.942772883,1.03690652,0
0.541072883,0.75759652,0
-2.728627117,-4.27904348,0
-0.751857117,2.08559652,0
2.861472883,1.47137652,1
-5.476427117,-3.17474348,0
-0.116127117,1.60456652,1
-4.420027117,0.59466652,0
-4.879227117,-1.59194348,1
15.56067288,-1.11354348,1
13.57277288,-0.19674348,1
4.957272883,1.19465952,0
-2.216197117,-0.68674348,0
1.376572883,0.98905652,0
7.407772883,2.72055652,1
1.691872883,0.20675652,0
-0.730437117,0.24423652,1
-0.087827117,1.75715652,0
1.279672883,2.40365652,0
6.653772883,1.68732652,0
-3.711427117,2.01577652,1
14.28477288,-0.08934348,1
0.907872883,1.17009052,1
0.803272883,1.69896652,1
-2.454427117,0.46018652,0
0.001272883,-2.77514348,0
-5.432727117,-2.76474348,0
0.239472883,2.37915652,0
-0.302927117,2.07784652,1
2.497272883,1.96922652,1
-1.260827117,2.84595652,0
-2.551227117,2.75675652,0
-4.355727117,1.40155652,1
0.307172883,2.10111652,0
-4.953827117,-1.89714348,1
-3.628227117,0.52612652,0
-5.548427117,-3.26654348,0
0.996972883,2.05456652,0
1.691872883,0.20673652,0
10.99537288,-0.09064348,1
-3.113327117,0.95414652,0
0.564272883,1.37827652,0
-0.711587117,1.99896652,0
-2.283037117,-0.28854348,1
-1.463894117,0.74466652,1
-1.975427117,-1.03854348,0
-0.247227117,0.65285652,0
-1.870897117,2.16189652,1
-3.851027117,0.50931652,0
-4.648727117,-0.37774348,0
-0.006427117,0.02955652,0
-0.537647117,-4.14194348,0
0.635372883,0.78733652,0
-5.982827117,-3.01434348,0
-1.585567117,1.42612652,1
4.555372883,1.65111652,1
-2.349007117,1.77008652,1
-1.775787117,-1.34884348,0
1.251472883,1.25802152,0
1.691872883,0.20675652,0
-0.635327117,2.96745652,1
-0.721017117,-7.35654348,0
8.905572883,1.57224652,1
-5.358227117,-1.97084348,0
-1.801487117,2.39335652,1
-2.076537117,1.22698652,1
-2.815127117,-2.84104348,0
0.147772883,0.93086652,0
1.224872883,1.12741852,1
-0.477677117,0.52225652,0
-5.122627117,-3.12164348,0
-5.305127117,-2.34064348,0
-0.326827117,0.25845652,0
1.120372883,1.70801652,1
-3.929927117,-1.04234348,1
-5.290527117,-2.98854348,0
-1.599277117,1.74939652,1
0.425472883,-4.18334348,0
1.121172883,1.02138652,0
-2.684027117,-0.27304348,1
-0.561647117,1.84120652,0
16.27957288,-2.12854348,1
2.000272883,2.03516652,0
-0.800697117,1.98990652,0
4.187772883,2.49555652,0
2.994272883,1.51275652,1
-0.064627117,2.84595652,1
-1.351648117,0.06965652,1
0.733072883,-3.18764348,0
-1.109167117,-6.56644348,0
-1.302809117,1.16491852,0
14.04407288,-0.30664348,1
-3.827027117,0.99552652,0
0.643972883,2.39205652,0
1.135772883,1.39379652,0
2.780872883,1.78301652,0
3.193072883,0.94767652,0
0.615672883,3.24805652,0
4.180072883,0.55587652,0
2.584672883,0.95414652,0
4.587972883,1.26965852,0
2.245372883,2.27955652,0
-1.119447117,-3.84064348,1
-0.637897117,2.19295652,0
15.31897288,-2.02514348,1
-5.218527117,-2.52164348,0
2.427872883,-0.06094348,0
-0.369727117,2.29765652,0
-0.691887117,1.52827652,0
-6.546627117,-5.04064348,1
4.636772883,0.98388652,1
-1.211127117,-1.24924348,1
4.585372883,1.05241652,1
-1.875177117,-0.65444348,0
5.206572883,0.66061652,0
1.206872883,2.56925652,1
-0.768997117,0.03215652,1
0.648172883,-4.08114348,0
-5.667527117,-3.72424348,0
3.773072883,2.26795652,0
-0.886387117,1.70155652,0
-2.403027117,0.36190652,1
6.500472883,2.42055652,1
8.284372883,1.06276652,1
-4.679627117,-1.90874348,1
-2.091097117,-2.20874348,1
-2.494627117,-2.82424348,0
0.004772883,1.96534652,1
-4.350627117,-4.67214348,0
-5.453327117,-0.48244348,1
-1.873467117,-0.20574348,1
1.546172883,-2.33414348,0
-5.975127117,-3.23544348,0
0.833272883,1.50112652,0
-0.685027117,0.85845652,1
-0.155527117,0.62955652,0
8.519972883,0.68905652,1
7.017972883,-0.80314348,1
-4.706127117,-1.60484348,1
-5.474727117,-0.87944348,1
1.518772883,1.12353952,0
-4.167227117,0.11495652,0
8.698172883,0.17695652,1
4.057572883,0.62181652,0
-1.851187117,-0.63114348,1
-4.350627117,-4.67214348,0
1.132372883,3.64115652,0
0.709072883,2.13473652,1
4.822772883,-0.29114348,0
-0.693597117,1.54379652,0
0.207772883,2.08559652,1
1.411672883,1.43646652,0
6.891172883,-0.10744348,0
2.103172883,1.11319452,0
-2.307027117,-0.68034348,0
0.981572883,1.67439652,0
5.317972883,1.93559652,1
1.309672883,1.02526652,1
-5.324827117,-3.15274348,0
0.449472883,1.79335652,1
-5.123427117,-0.11524348,0
3.174172883,0.20285652,0
-0.667887117,-0.29754348,0
-2.769727117,-1.65664348,1
3.510872883,1.74163652,0
-1.352505117,-0.48634348,1
-0.608767117,0.40975652,1
-0.380027117,-0.84844348,0
-3.194727117,0.01535652,0
-1.924877117,1.85025652,1
0.380872883,0.72009652,0
-2.048257117,-4.23894348,1
-5.785827117,-2.61994348,1
5.748972883,2.08301652,0
-5.871427117,-2.85664348,1
1.249672883,0.81319652,1
-2.031977117,0.01665652,1
0.865872883,1.96404652,1
-0.838397117,1.52956652,0
-1.785207117,-4.78464348,1
-0.155527117,0.62955652,0
-2.814227117,-1.70314348,1
-2.039687117,-0.07254348,1
2.893972883,-0.05704348,0
-0.950647117,2.19033652,0
-5.184327117,-6.31174348,0
-4.682227117,0.03085652,0
-4.342827117,0.16405652,1
-5.601527117,-3.90144348,0
6.136272883,2.21365652,0
1.141772883,-4.38764348,0
-1.985707117,1.60974652,0
1.968572883,1.16233252,0
-5.377127117,-2.27214348,0
-3.657427117,1.26707252,0
-0.706447117,-6.35704348,0
-0.715017117,0.47181652,1
7.121672883,-0.92864348,0
4.359172883,1.07569652,0
0.123872883,2.09465652,0
7.602272883,3.32695652,1
0.177772883,-2.03164348,0
-3.807327117,0.94638652,0
11.66207288,-2.12084348,1
4.705372883,1.84379652,1
2.037972883,0.61405652,0
-1.912017117,-0.30274348,0
7.574072883,-1.15104348,1
-5.802027117,-2.94974348,1
-1.138297117,-3.49154348,1
0.210372883,1.90715652,0
-5.151727117,-2.24624348,0
-0.546217117,1.49853652,0
-6.138827117,-1.31004348,1
0.294372883,0.76147652,1
-1.834047117,-5.17774348,1
4.127872883,1.99120652,1
7.450672883,2.16059652,1
-5.690727117,-2.62254348,0
-4.430227117,0.59983652,0
-2.917127117,1.59293652,0
2.751772883,0.90759652,0
-4.783327117,-1.72384348,1
-0.520517117,1.48818652,1
1.755272883,1.10543652,0
-2.601827117,0.80414652,0
-2.193067117,-0.02214348,1
-1.651547117,-5.77254348,1
-0.117827117,-1.26484348,0
-4.406327117,-2.00964348,0
-6.533827117,-2.04454348,1
1.526472883,1.85284652,1
-1.731227117,0.62699652,0
-5.033527117,-0.18374348,0
-5.084927117,-5.06264348,0
1.325972883,1.98603652,0
-0.825547117,-4.27514348,1
4.626472883,1.37439652,0
6.653772883,0.77310652,0
-1.200847117,1.76361652,0
-5.952027117,-2.67554348,1
2.426172883,0.37483652,0
-4.706127117,-2.88504348,0
-6.339327117,-2.72854348,0
7.946772883,0.53906652,1
-1.865757117,-0.48504348,1
-0.943797117,1.70413652,0
-2.679727117,-2.84754348,0
-1.326800117,-6.10874348,1
-0.270327117,1.35241652,1
7.464372883,0.32182652,1
-1.881177117,2.14508652,0
-6.169627117,-3.29364348,1
-6.201327117,-0.91954348,1
0.182972883,1.58517652,0
-1.447614117,-5.32894348,1
-0.117827117,2.23305652,1
-3.181827117,-2.65744348,1
0.526572883,1.29810652,0
7.671772883,0.20932652,1
2.895672883,1.83861652,0
0.397972883,2.10887652,1
-1.816917117,-1.45614348,0
-0.294327117,2.89245652,0
1.691872883,0.20675652,0
5.610172883,1.61620652,0
9.489072883,0.66319652,1
-1.163147117,1.47008652,0
3.535772883,2.02094652,0
-3.032727117,-0.11264348,0
-6.329027117,-2.94064348,1
6.371072883,0.33863652,0
-1.481031117,-5.22554348,1
-4.456027117,1.06922652,1
-6.437027117,-5.19454348,1
-0.972927117,-2.02904348,1
4.232372883,2.10887652,1
3.509172883,1.34594652,0
-1.923157117,0.98129652,1
-3.740527117,0.33863652,0
-1.476747117,-0.92864348,1
5.527872883,0.52354652,1
5.221172883,0.85457652,1
-2.623227117,-1.47044348,1
0.925872883,1.25802152,0
-4.737027117,-3.22774348,0
11.05707288,-0.24584348,1
-2.822027117,1.79594652,0
-0.870957117,0.78992652,1
-3.441527117,1.15845252,0
8.217572883,-0.04154348,1
6.281972883,0.52483652,1
4.217772883,1.61749652,1
-4.686427117,0.86750652,1
-1.367928117,-6.20704348,1
-0.981497117,-5.80614348,0
-6.240727117,-4.39924348,1
0.706472883,2.21615652,0
-5.366827117,-0.51994348,1
1.910372883,1.68086652,0
-2.947127117,-1.28294348,0
4.701072883,1.33431652,1
-2.154507117,1.41965652,0
-1.565857117,-1.88544348,0
-3.945327117,-0.68034348,0
0.510272883,-2.24884348,0
-0.780997117,1.25284852,1
2.104872883,0.95414652,0
0.222372883,3.10195652,1
-4.677027117,-0.30274348,0
10.43417288,0.34897652,1
-0.932657117,1.68991652,0
-3.644527117,0.51061652,1
4.591372883,0.60888652,0
-1.214557117,1.63818652,1
-1.197417117,1.13517752,0
-3.480027117,0.02185652,0
7.258772883,-0.53034348,0
3.245272883,0.89595652,0
1.960072883,1.18560792,0
5.987172883,1.55672652,0
-2.166507117,-3.67514348,1
7.843972883,1.08733652,1
-1.580427117,-1.21824348,0
-0.624187117,2.40115652,0
-4.185227117,0.15755652,0
-2.050827117,-2.98854348,1
-1.742367117,1.06793652,1
0.006472883,0.73302652,1
14.25827288,-0.48894348,1
-0.436547117,2.16447652,0
5.156072883,1.06405652,1
7.310972883,0.97483652,1
-3.823627117,-0.69454348,1
9.992072883,1.10802252,1
0.478572883,0.86621652,0
-1.685817117,-0.47214348,0
-1.816917117,-4.72644348,1
-2.281317117,-1.70574348,1
-5.043727117,-1.86864348,1
-4.378827117,0.14855652,1
-6.225327117,-2.81524348,1
-0.740727117,0.89595652,1
-1.667827117,1.90456652,0
-3.794527117,-1.47944348,1
3.954772883,1.79077652,1
1.644672883,2.46575652,0
